Employee_code,Net_pay_feb,Net_pay_March,Net_Pay_Difference
11106,1704.94,1704.95,-1.00%
12827,43.19,43.19,0.00%
121027,2861.5,2861.5,0.00%
121143,1847.14,1847.14,0.00%
121579,112.13,112.13,0.00%
125172,2089.08,2089.12,-4.00%
125635,209.04,209.04,0.00%
125813,2790.13,2790.15,-2.00%
127684,1470.24,1470.24,0.00%
127984,297.99,297.99,0.00%
130564,12158.37,12158.37,0.00%
132924,433.71,433.71,0.00%
133017,1884.81,1884.81,0.00%
133403,2935.31,2935.31,0.00%
133597,1613.67,1613.67,0.00%
133626,2097.97,2097.97,0.00%
133645,3325.78,3325.79,-1.00%
133702,1600.62,1600.65,-3.00%
133820,652.48,652.47,1.00%
133946,3023.98,3023.98,0.00%
133970,1716.21,1716.21,0.00%
133990,0,0,0.00%
134039,3680.6,3680.62,-2.00%
134040,502.34,502.35,-1.00%
134047,1132.5,1132.5,0.00%
134428,1915,1915,0.00%
134437,2332.67,2332.67,0.00%
134495,2185.81,2185.81,0.00%
134605,2858.94,2858.94,0.00%
134735,399.98,399.98,0.00%
134781,793.65,793.65,0.00%
134807,2841.53,2841.53,0.00%
134836,1905.72,1905.73,-1.00%
134838,1484.28,1484.28,0.00%
134842,1638.41,1638.41,0.00%
134892,1959.25,1959.25,0.00%
134945,1412.2,1412.2,0.00%
134959,1864.33,1864.33,0.00%
135036,5049.01,5049.01,0.00%
135081,2710.31,2710.31,0.00%
135092,948.61,948.61,0.00%
135154,1594.91,1594.9,1.00%
135170,2941.56,2941.59,-3.00%
135272,542.5,542.5,0.00%
135347,1598.17,1598.17,0.00%
135432,2031.54,2031.54,0.00%
135447,2004.37,2004.37,0.00%
135452,2583.59,2583.6,-1.00%
135491,2465.62,2465.62,0.00%
135531,2953.96,2953.96,0.00%
135534,1041.65,1041.65,0.00%
135538,100,100,0.00%
135574,1209.84,1209.84,0.00%
135575,3169.46,3169.46,0.00%
135577,1795.12,1795.12,0.00%
135578,2819.32,2819.34,-2.00%
135655,3615.17,3615.17,0.00%
135684,1517.26,1517.26,0.00%
135686,3441.94,3441.94,0.00%
135763,3712.54,3712.54,0.00%
135767,22812.05,22812.05,0.00%
135768,2399.66,2399.68,-2.00%
135801,2716.03,2716.03,0.00%
135805,2336.96,2336.96,0.00%
135822,3349.59,3349.59,0.00%
135871,1612.15,1612.15,0.00%
135918,2278.18,2278.18,0.00%
135974,2933.45,2933.45,0.00%
135986,4175.53,4175.53,0.00%
135992,9120.52,9120.52,0.00%
135998,3087.1,3087.1,0.00%
136063,3813.28,3813.31,-3.00%
136118,1483.57,1483.57,0.00%
136121,2222.56,2222.56,0.00%
136163,2520.29,2520.29,0.00%
136192,197.56,197.56,0.00%
136224,3103.02,3103.02,0.00%
136225,2844.69,2844.69,0.00%
136228,1508.02,1508.02,0.00%
136265,104.8,104.8,0.00%
136266,1887.91,1887.91,0.00%
136273,3128.28,3128.28,0.00%
136334,42.45,42.45,0.00%
136336,1309.2,1309.2,0.00%
136337,1393.77,1393.77,0.00%
136355,2197.76,2197.75,1.00%
136381,1308.95,1308.95,0.00%
136387,1595.89,1595.89,0.00%
136532,1865.72,1865.72,0.00%
136602,2381.33,2381.33,0.00%
136603,2446.79,2446.79,0.00%
136671,2485.7,2485.7,0.00%
136681,2648.31,2648.31,0.00%
136719,183.79,183.79,0.00%
136989,3028.08,3028.08,0.00%
137093,350.2,350.2,0.00%
137263,1583.96,1583.96,0.00%
137271,2542.81,2542.81,0.00%
137358,2365.04,2365.04,0.00%
137380,127.34,127.34,0.00%
137430,258.52,258.52,0.00%
137432,1544.37,1544.37,0.00%
137485,3257.11,3257.11,0.00%
137553,1996.12,1996.12,0.00%
137642,2569.38,2569.38,0.00%
137671,2314.56,2314.56,0.00%
137675,2088.28,2088.28,0.00%
137704,7448.24,7448.26,-2.00%
137818,106.37,106.37,0.00%
137828,1500.54,1500.54,0.00%
137877,1678.27,1678.27,0.00%
137879,2169.61,2169.61,0.00%
137935,1506.07,1506.07,0.00%
137992,574.24,574.24,0.00%
137996,9232.22,9232.22,0.00%
138021,2677.37,2677.37,0.00%
138089,1291.32,1291.34,-2.00%
138091,2877.32,2877.32,0.00%
138092,2787.54,2787.54,0.00%
138181,737.45,737.45,0.00%
138298,2251.23,2251.23,0.00%
138311,2163.8,2163.8,0.00%
138365,263.09,263.09,0.00%
138421,2175.51,2175.51,0.00%
138536,1346.52,1346.52,0.00%
138689,860.96,860.96,0.00%
138740,126.29,126.29,0.00%
138772,2242.82,2242.82,0.00%
138872,2670.69,2670.68,1.00%
138873,1729.71,1729.71,0.00%
138879,2476.22,2475.84,38.00%
138887,2070.88,2070.88,0.00%
138896,3176.92,3176.92,0.00%
138927,2560.27,2560.27,0.00%
138929,1368.28,1368.28,0.00%
139092,2272.42,2272.42,0.00%
139106,2478.06,2477.86,20.00%
139195,0,0,0.00%
139203,2661.25,2661.25,0.00%
139232,2293.74,2293.75,-1.00%
139281,942.79,942.79,0.00%
139282,2281.35,2281.35,0.00%
139307,1359.62,1359.62,0.00%
139331,2752.03,2752.04,-1.00%
139510,2184.39,2184.39,0.00%
139605,1410.89,1410.89,0.00%
139606,2577.55,2577.55,0.00%
139757,2251.19,2251.19,0.00%
139861,2538.52,2538.52,0.00%
139948,379.38,379.38,0.00%
139952,427.17,427.17,0.00%
140090,2217.19,2217.2,-1.00%
140164,1402.15,1402.16,-1.00%
140189,2147.53,2147.56,-3.00%
140314,2948.6,2948.6,0.00%
140324,2524.7,2524.71,-1.00%
140328,1907.26,1907.26,0.00%
140381,1165.1,1165.1,0.00%
140452,1050.76,1050.76,0.00%
140515,741.95,741.93,2.00%
140520,2011.31,2011.31,0.00%
140554,1347.52,1347.52,0.00%
140570,4172.89,4172.89,0.00%
140633,2027.28,2027.28,0.00%
140684,18.6,18.6,0.00%
140686,1898.94,1898.94,0.00%
140689,3781.25,3781.07,18.00%
140693,3957.84,3957.84,0.00%
140694,1578.9,1578.9,0.00%
140703,2737.24,2737.25,-1.00%
140798,1354.57,1354.57,0.00%
140858,2191.02,2191.02,0.00%
140863,2405.31,2405.31,0.00%
140898,305.19,305.19,0.00%
140942,2146.7,2146.69,1.00%
140987,3243.01,3243.01,0.00%
140999,1456.7,1456.73,-3.00%
141017,1525.39,1525.39,0.00%
141044,3184.37,3184.48,-11.00%
141063,435.84,435.84,0.00%
141099,2203.78,2203.78,0.00%
141118,3277.28,3277.28,0.00%
141158,2263.66,2263.86,-20.00%
141222,2531.71,2531.71,0.00%
141278,2466.22,2466.22,0.00%
141293,1833.66,1833.66,0.00%
141301,1750.86,1750.86,0.00%
141321,3179.05,3179.05,0.00%
141360,1902.1,1902.1,0.00%
141366,1848.96,1848.99,-3.00%
141383,3433.92,3433.92,0.00%
141424,2251.92,2251.92,0.00%
141437,1862.9,1862.9,0.00%
141460,3060.58,3060.58,0.00%
141462,3450.65,3450.65,0.00%
141523,180.5,180.5,0.00%
141535,773.32,773.32,0.00%
141581,467.73,467.73,0.00%
141714,1357.62,1357.62,0.00%
141716,2160.57,2160.57,0.00%
141731,2060.5,2060.49,1.00%
141778,1811.19,1811.19,0.00%
141807,1743.51,1743.51,0.00%
141825,488.89,488.89,0.00%
141830,1768.04,1768.04,0.00%
141938,3424.78,3424.78,0.00%
141946,2930.65,2930.65,0.00%
142038,2754.06,2754.07,-1.00%
142053,2279.33,2279.33,0.00%
142161,1440.09,1440.09,0.00%
142224,2837.21,2837.2,1.00%
142282,1678.26,1678.26,0.00%
142347,2020.83,2020.83,0.00%
142436,3132.04,3132.04,0.00%
142491,2027.26,2027.26,0.00%
142493,1814.11,1814.11,0.00%
142499,1818.21,1818.21,0.00%
142522,1979.52,1979.52,0.00%
142600,1360.01,1360.01,0.00%
142602,1765.25,1765.3,-5.00%
142605,2499.56,2499.56,0.00%
142609,391.11,391.11,0.00%
142672,1946.38,1946.4,-2.00%
142734,1338.12,1338.12,0.00%
142735,1683.66,1683.66,0.00%
142759,2028.73,2028.73,0.00%
142774,1255.82,1255.82,0.00%
142859,4775.37,4775.37,0.00%
143273,5348.91,5348.91,0.00%
143313,2469.11,2469.1,1.00%
143329,2636.36,2636.36,0.00%
143330,2003.78,2003.78,0.00%
143373,2284,2284,0.00%
143491,1739.26,1739.26,0.00%
143553,2943.78,2943.78,0.00%
143563,3066.92,3066.92,0.00%
143569,2312.06,2312.08,-2.00%
143592,2946.64,2946.68,-4.00%
143681,2383.53,2383.53,0.00%
143692,1833.55,1833.54,1.00%
143809,1630.82,1630.82,0.00%
143821,468.99,468.94,5.00%
143846,3039.38,3039.38,0.00%
143886,1182.53,1182.53,0.00%
143921,0,2926.08,-292608.00%
143925,2926.08,2339.47,58661.00%
143972,2339.47,1382.65,95682.00%
143977,1382.65,1522.5,-13985.00%
143980,1522.5,2519.24,-99674.00%
143996,2519.24,2206.09,31315.00%
144015,2206.09,1792.37,41372.00%
144086,1792.37,1912.1,-11973.00%
144088,1912.1,1971.42,-5932.00%
144154,1971.41,2732.62,-76121.00%
144170,2732.6,3185.33,-45273.00%
144172,3185.32,1140.65,204467.00%
144177,1140.66,2161.2,-102054.00%
144292,2161.2,2159.36,184.00%
144294,2159.36,1195.3,96406.00%
144362,1195.3,778.91,41639.00%
144367,778.91,2479.14,-170023.00%
144391,2479.15,1539.15,94000.00%
144412,1539.15,2012.64,-47349.00%
144431,2012.64,4132.72,-212008.00%
144444,4132.72,1620.17,251255.00%
144452,1620.17,545.67,107450.00%
144465,545.67,1246.5,-70083.00%
144491,1246.5,1993.41,-74691.00%
144559,1993.38,4627.25,-263387.00%
144632,4627.25,3660.37,96688.00%
144673,3660.37,2533.36,112701.00%
144701,2533.34,2623.61,-9027.00%
144787,2623.61,3313.21,-68960.00%
144818,3313.21,2459.64,85357.00%
144838,2459.64,268.79,219085.00%
144974,268.79,2823.31,-255452.00%
144986,2823.31,1912.37,91094.00%
144989,1912.38,1687.38,22500.00%
145049,1687.38,1858.75,-17137.00%
145074,1858.75,4101,-224225.00%
145075,4101,1980.33,212067.00%
145076,1980.33,1824.96,15537.00%
145092,1824.96,1478.6,34636.00%
145134,1478.6,2108.68,-63008.00%
145153,2108.68,1636.81,47187.00%
145249,1636.81,1967.86,-33105.00%
145259,1967.85,1905.55,6230.00%
145262,1905.55,1163.13,74242.00%
145274,1163.11,1976.35,-81324.00%
145324,1976.35,2098.53,-12218.00%
145339,2098.54,1965.27,13327.00%
145362,1965.27,3984.99,-201972.00%
145412,3984.97,2075.25,190972.00%
145420,2075.18,2028.18,4700.00%
145426,2028.19,2202.79,-17460.00%
145475,2202.79,1629.67,57312.00%
145644,1629.67,1529.92,9975.00%
145648,1529.92,3363.88,-183396.00%
145664,3363.88,1003.07,236081.00%
145677,1003.07,2338.28,-133521.00%
145699,2338.27,1862.69,47558.00%
145734,1862.67,2004.03,-14136.00%
145735,2004.03,2931.61,-92758.00%
145753,2931.61,1836.37,109524.00%
145757,1836.36,2158.06,-32170.00%
145760,2158.07,2310.17,-15210.00%
145761,2310.17,19428.96,-1711879.00%
145768,19428.95,17368.55,206040.00%
145789,17368.55,3353.14,1401541.00%
145805,3353.14,2134.74,121840.00%
145808,2134.74,1507.94,62680.00%
145812,1507.94,4701.06,-319312.00%
145813,4701.06,2286.72,241434.00%
145978,2286.72,497.66,178906.00%
145994,497.66,1819.78,-132212.00%
145999,1819.78,3726.76,-190698.00%
146008,3726.76,1665.04,206172.00%
146057,1665.04,3054.02,-138898.00%
146081,3054.01,1435.32,161869.00%
146129,1435.32,3941.1,-250578.00%
146201,3941.1,4252.56,-31146.00%
146218,4252.56,1805.5,244706.00%
146361,1805.5,1620.13,18537.00%
146372,1620.13,1662.16,-4203.00%
146378,1662.36,2028.63,-36627.00%
146413,2028.62,1825.2,20342.00%
146419,1825.18,2365.39,-54021.00%
146425,2365.39,1850.57,51482.00%
146444,1850.57,1460.84,38973.00%
146458,1460.84,1898.7,-43786.00%
146460,1898.51,2445.88,-54737.00%
146466,2445.88,1158.2,128768.00%
146468,1158.2,1554.48,-39628.00%
146563,1554.47,1607.85,-5338.00%
146573,1607.85,1613.71,-586.00%
146575,1613.7,1504.77,10893.00%
146614,1504.77,1654.46,-14969.00%
146615,1654.46,2710.78,-105632.00%
146725,2710.76,735.88,197488.00%
146763,735.88,1990.21,-125433.00%
146766,1990.21,0,199021.00%
146767,0,744,-74400.00%
146771,744.2,1504.78,-76058.00%
146832,1504.56,4049.16,-254460.00%
146834,4049.16,1997.83,205133.00%
146836,1997.83,2547.11,-54928.00%
147090,2547.11,3000.61,-45350.00%
147113,3000.61,2743.08,25753.00%
147118,2743.07,2130.8,61227.00%
147133,2130.78,1838.45,29233.00%
147142,1838.45,1175.28,66317.00%
147164,1175.28,2742.11,-156683.00%
147227,2742.11,2073.4,66871.00%
147249,2073.4,1852.62,22078.00%
147256,1852.61,1749.61,10300.00%
147296,1749.61,3179.57,-142996.00%
147358,3179.57,1202.28,197729.00%
147370,1202.27,2001.86,-79959.00%
147387,2001.86,1923.08,7878.00%
147415,1923.09,2188.39,-26530.00%
147421,2188.39,2343.46,-15507.00%
147439,2343.46,1462.45,88101.00%
147442,1462.45,3863.32,-240087.00%
147455,3863.32,1952.16,191116.00%
147460,1952.16,2057.32,-10516.00%
147504,2057.32,1932.29,12503.00%
147532,1932.29,2382.23,-44994.00%
147537,2382.23,682.25,169998.00%
147558,682.24,2267.18,-158494.00%
147596,2267.18,2252.68,1450.00%
147622,2252.68,1613.8,63888.00%
147709,1613.8,1485.58,12822.00%
147731,1485.58,238.34,124724.00%
147746,238.34,1798.15,-155981.00%
147970,1798.15,886.56,91159.00%
148008,886.56,1906.96,-102040.00%
148161,1906.96,1042.31,86465.00%
148218,1042.31,7087.14,-604483.00%
148224,7087.15,0,708715.00%
148491,0,2460,-246000.00%
148698,2460,2010.64,44936.00%
148870,2010.64,2263.56,-25292.00%
149096,2263.55,12.83,225072.00%
149240,12.83,1205.74,-119291.00%
149280,1205.74,2348.37,-114263.00%
149283,2348.37,2411.39,-6302.00%
149312,2411.39,248.02,216337.00%
149393,248.02,329.53,-8151.00%
149540,329.53,1578.67,-124914.00%
149856,1578.67,2560.66,-98199.00%
149921,2560.66,2307.93,25273.00%
150199,2307.93,2011.6,29633.00%
150240,2011.59,693.67,131792.00%
150257,693.67,1459.73,-76606.00%
150281,1459.73,1402.58,5715.00%
150395,1402.58,2917.47,-151489.00%
150396,2917.47,1542.89,137458.00%
150398,1542.89,2558.86,-101597.00%
150495,2558.86,337.45,222141.00%
150754,337.45,309.49,2796.00%
150865,309.5,1508.92,-119942.00%
150929,1508.92,2016.96,-50804.00%
151067,2016.96,2176.94,-15998.00%
151079,2176.94,2061.12,11582.00%
151294,2061.12,12518.14,-1045702.00%
151295,12518.14,1781.59,1073655.00%
151416,1781.59,2750.1,-96851.00%
151555,2750.1,2254.75,49535.00%
151622,2254.75,2933.22,-67847.00%
151647,2933.23,2320.47,61276.00%
151713,2320.47,2624.39,-30392.00%
151716,2624.38,110.15,251423.00%
151772,110.15,1896.28,-178613.00%
151778,1896.28,1182.97,71331.00%
151982,1182.97,1554.19,-37122.00%
151999,1554.19,2097.5,-54331.00%
152028,2097.51,5078.32,-298081.00%
152091,5078.32,81.81,499651.00%
152107,81.81,2529.08,-244727.00%
152156,2529.08,1794.23,73485.00%
152198,1794.23,188.46,160577.00%
152257,188.46,1588.71,-140025.00%
152308,1588.71,1058.7,53001.00%
152372,1058.7,2851.03,-179233.00%
152374,2851.03,1522.82,132821.00%
152417,1522.82,1777.36,-25454.00%
152438,1777.35,2518.72,-74137.00%
152447,2518.72,3705.98,-118726.00%
152481,3705.98,1178.41,252757.00%
152522,1178.41,1400.59,-22218.00%
152528,1400.59,2366.14,-96555.00%
152574,2366.14,2385.27,-1913.00%
152632,2385.27,3459.29,-107402.00%
152635,3459.29,1773.68,168561.00%
152641,1773.68,2259.89,-48621.00%
152661,2259.89,2962.98,-70309.00%
152669,2962.98,2789.57,17341.00%
152685,2789.55,2899.33,-10978.00%
152692,2899.33,3123.69,-22436.00%
152800,3123.68,2435.28,68840.00%
152848,2435.28,1468.37,96691.00%
152854,1468.37,1958.95,-49058.00%
152862,1958.96,557.62,140134.00%
152877,557.62,1005.41,-44779.00%
152879,1005.41,11649.34,-1064393.00%
152912,11649.34,3280.47,836887.00%
152976,3280.46,2819.75,46071.00%
153035,2819.74,57.76,276198.00%
153036,57.76,486.87,-42911.00%
153128,486.87,1316.64,-82977.00%
153129,1316.64,627.85,68879.00%
153160,627.85,1862.65,-123480.00%
153257,1862.65,1469.38,39327.00%
153267,1469.38,1359.24,11014.00%
153282,1359.24,2878.17,-151893.00%
153334,2878.17,2516.55,36162.00%
153335,2516.56,1647.41,86915.00%
153342,1647.41,2584.47,-93706.00%
153412,2584.45,4065.09,-148064.00%
153423,4065.09,1686.59,237850.00%
153426,1686.6,2579.94,-89334.00%
153429,2580.35,2739.22,-15887.00%
153433,2739.22,2697.7,4152.00%
153582,2697.68,226.8,247088.00%
153592,226.8,1838.65,-161185.00%
153598,1838.65,1327,51165.00%
153620,1327,2239.63,-91263.00%
153626,2239.61,2526.08,-28647.00%
153659,2526.08,1328.11,119797.00%
153674,1328.11,877.31,45080.00%
153696,877.31,1813.69,-93638.00%
153705,1813.69,3390.42,-157673.00%
153743,3390.42,8458.17,-506775.00%
153753,8458.17,2244.02,621415.00%
153817,2244.02,2317.43,-7341.00%
153847,2317.42,26.18,229124.00%
153939,26.18,2281.65,-225547.00%
153961,2281.61,2466.72,-18511.00%
153968,2466.72,606.1,186062.00%
153970,606.1,2000.18,-139408.00%
153978,2000.18,2810.64,-81046.00%
153983,2810.63,2860.45,-4982.00%
154135,2860.46,1720.53,113993.00%
154160,1720.52,2702.47,-98195.00%
154243,2702.47,1168.34,153413.00%
154246,1168.34,5726.09,-455775.00%
154253,5726.09,11749.11,-602302.00%
154294,11749.11,0,1174911.00%
154307,0,3431.71,-343171.00%
154341,3431.68,2006.65,142503.00%
154356,2006.65,709.78,129687.00%
154436,709.78,1766.78,-105700.00%
154440,1766.78,842.67,92411.00%
154449,842.67,1784.37,-94170.00%
154557,1784.37,280.42,150395.00%
154560,280.42,2281.93,-200151.00%
154563,2281.93,2312.24,-3031.00%
154582,2312.24,0,231224.00%
154619,0,15995.89,-1599589.00%
154620,15995.89,2300.23,1369566.00%
154758,2300.23,28.1,227213.00%
154766,28.1,1418.38,-139028.00%
154768,1418.39,1685.39,-26700.00%
154967,1685.39,1503.26,18213.00%
155165,1503.27,3071.07,-156780.00%
155166,3071.07,0,307107.00%
155173,0,2798.13,-279813.00%
155176,2798.13,0,279813.00%
155287,0,4066.68,-406668.00%
155584,4066.67,2123.34,194333.00%
155593,2123.34,2690.13,-56679.00%
155594,2690.11,1808.82,88129.00%
155689,1809.02,1018.83,79019.00%
155704,1018.82,4552.94,-353412.00%
155737,4552.94,880.89,367205.00%
155741,880.9,5.66,87524.00%
155747,5.66,2295.9,-229024.00%
155751,2295.89,2237.25,5864.00%
155754,2237.26,2845.95,-60869.00%
155954,2845.93,2219.74,62619.00%
155957,2219.75,0,221975.00%
155960,0,2715.13,-271513.00%
155971,2715.14,1540.89,117425.00%
155980,1540.89,1051.52,48937.00%
156036,1051.52,2323.61,-127209.00%
156183,2323.61,1046.89,127672.00%
156192,1046.9,2901.94,-185504.00%
156219,2901.94,1887.25,101469.00%
156262,1887.25,539.35,134790.00%
156438,539.35,1431.69,-89234.00%
156473,1431.69,1920.1,-48841.00%
156477,1920.1,3517.1,-159700.00%
156478,3517.11,1195.67,232144.00%
156505,1195.65,1392.58,-19693.00%
156511,1392.58,1882.7,-49012.00%
156536,1882.7,3103.58,-122088.00%
156635,3103.57,1907.88,119569.00%
156637,1907.88,2479.69,-57181.00%
156701,2479.69,1968.9,51079.00%
156754,1968.9,1670.82,29808.00%
156792,1670.81,2451.54,-78073.00%
156837,2451.54,3222.41,-77087.00%
157007,3222.41,4448.59,-122618.00%
157080,4448.57,5850.29,-140172.00%
157138,0,1726.59,-172659.00%
157214,5850.29,1944.1,390619.00%
157238,1726.59,18786.25,-1705966.00%
157241,1944.09,2494.96,-55087.00%
157351,18786.25,2205.92,1658033.00%
157435,2494.92,2547.19,-5227.00%
157440,2205.92,3813.4,-160748.00%
157442,2547.19,1310.4,123679.00%
157447,3813.4,1659.36,215404.00%
157520,1310.4,2235.52,-92512.00%
157538,1659.33,0,165933.00%
157574,2235.52,2712.69,-47717.00%
157588,0,4696.86,-469686.00%
157615,2712.69,1197.25,151544.00%
157685,4696.86,2.04,469482.00%
157687,1197.25,0,119725.00%
157688,2.04,17773.46,-1777142.00%
157832,0,1688.93,-168893.00%
157891,17773.46,2595.41,1517805.00%
157945,1689.13,2854.71,-116558.00%
157988,2595.41,0,259541.00%
157996,2854.71,133.12,272159.00%
158003,0,2196.6,-219660.00%
158005,133.12,2087.2,-195408.00%
158012,2196.6,2299.52,-10292.00%
158047,2087.2,1734.67,35253.00%
158050,0,2357.9,-235790.00%
158114,2299.52,1227.41,107211.00%
158136,1734.67,3790.32,-205565.00%
158138,2357.9,1214.56,114334.00%
158145,1227.41,1161.67,6574.00%
158186,3790.32,1590.01,220031.00%
158247,1214.56,1383.49,-16893.00%
158293,1161.67,4341.53,-317986.00%
158297,1590.01,2295.79,-70578.00%
158299,1383.49,102.42,128107.00%
158304,4341.53,2203.67,213786.00%
158492,2295.78,1085.64,121014.00%
158512,102.42,398.38,-29596.00%
158519,2203.67,2602.23,-39856.00%
158527,1085.64,1208.53,-12289.00%
158529,398.38,4557.4,-415902.00%
158533,2602.23,2322.27,27996.00%
158557,1208.53,6399.72,-519119.00%
158578,4557.37,3363.04,119433.00%
158583,2322.27,5390.66,-306839.00%
158591,6399.72,16.64,638308.00%
158594,3363.04,12998.48,-963544.00%
158633,5390.66,2336.66,305400.00%
158634,16.64,1719.91,-170327.00%
158644,12998.48,2253.54,1074494.00%
158767,2336.47,2513.47,-17700.00%
158781,1719.91,1200,51991.00%
158787,2253.55,1067.7,118585.00%
158849,2513.47,3213.04,-69957.00%
158862,1200,218.47,98153.00%
158867,1067.7,7357.27,-628957.00%
158875,3213.05,686.12,252693.00%
158943,218.47,972.36,-75389.00%
158946,7357.27,0,735727.00%
158992,686.12,2704.18,-201806.00%
158993,972.36,0,97236.00%
159124,0,11340.98,-1134098.00%
159128,2704.18,1152.78,155140.00%
159143,0,2054.68,-205468.00%
159263,11340.98,1455.46,988552.00%
159268,1152.78,4617.53,-346475.00%
159297,2054.68,10646.17,-859149.00%
159298,1455.46,5237.59,-378213.00%
159302,4617.53,1381.27,323626.00%
159304,10646.17,1616.61,902956.00%
159356,5237.59,1746.53,349106.00%
159361,1381.27,8405.55,-702428.00%
159375,1616.61,2675.63,-105902.00%
159420,1746.53,1511.27,23526.00%
159422,8405.55,2658,574755.00%
159426,2675.62,396.65,227897.00%
159444,1511.26,1652.07,-14081.00%
159469,2658,2464.78,19322.00%
159489,396.65,1425.33,-102868.00%
159491,1652.07,1065.13,58694.00%
159523,2464.78,2125.45,33933.00%
159526,1425.33,1694.29,-26896.00%
159528,1065.13,19396.09,-1833096.00%
159530,2125.45,1785.87,33958.00%
159570,1694.28,1293.11,40117.00%
159597,19396.09,167.15,1922894.00%
159606,1785.87,1903.66,-11779.00%
159620,1293.11,1551.11,-25800.00%
159622,167.15,1.81,16534.00%
159628,1903.65,121.38,178227.00%
159630,1551.11,144.68,140643.00%
159631,1.81,1876.54,-187473.00%
159640,121.38,67.24,5414.00%
159649,144.68,19.81,12487.00%
159650,1876.54,897.41,97913.00%
159729,67.24,4814.84,-474760.00%
159735,19.81,5734.84,-571503.00%
159737,897.41,1826.64,-92923.00%
159752,4814.84,2472.81,234203.00%
159764,5734.85,586.19,514866.00%
159782,1826.64,3038.05,-121141.00%
159783,2472.81,3841.12,-136831.00%
159785,586.19,1976.4,-139021.00%
159843,3038.04,2005.97,103207.00%
159845,3841.12,1097.61,274351.00%
159975,1976.38,0,197638.00%
159980,2005.97,3665.34,-165937.00%
160029,1097.61,160.46,93715.00%
160079,0,246.83,-24683.00%
160088,3665.32,1655.81,200951.00%
160103,160.46,3986.94,-382648.00%
160128,246.83,6248.83,-600200.00%
160139,1655.81,1404.83,25098.00%
160155,3986.94,1994.13,199281.00%
160157,6248.83,2058.77,419006.00%
160167,1404.83,11.2,139363.00%
160168,1994.11,1615.42,37869.00%
160182,2058.77,2274.06,-21529.00%
160187,11.2,1765.31,-175411.00%
160209,1615.4,648.59,96681.00%
160212,2274.05,2856.46,-58241.00%
160241,1765.31,1518.34,24697.00%
160243,648.59,2837.45,-218886.00%
160244,2856.46,2043.93,81253.00%
160281,1518.34,2247.7,-72936.00%
160336,2837.45,2522.31,31514.00%
160338,2043.93,2158.36,-11443.00%
160342,2247.7,1578.61,66909.00%
160344,2522.3,3969.08,-144678.00%
160402,2158.36,1297.12,86124.00%
160427,1578.61,1514.91,6370.00%
160457,3969.08,341.99,362709.00%
160458,1297.12,979.37,31775.00%
160499,1514.91,3027.87,-151296.00%
160504,341.99,2797,-245501.00%
160507,979.37,626.95,35242.00%
160521,3027.87,1868.38,115949.00%
160525,2797,2222.87,57413.00%
160541,626.95,39.33,58762.00%
160551,1868.39,1687.39,18100.00%
160553,2222.87,99.64,212323.00%
160576,39.33,2104.35,-206502.00%
160642,1687.39,114.26,157313.00%
160646,99.64,352.46,-25282.00%
160648,2104.34,11451.13,-934679.00%
160675,114.26,103.94,1032.00%
160686,352.46,254.34,9812.00%
160716,11451.13,8390.84,306029.00%
160719,103.94,477.69,-37375.00%
160736,254.34,3188.34,-293400.00%
160745,8390.84,1870.97,651987.00%
160748,477.69,1392.49,-91480.00%
160828,3188.34,1553.05,163529.00%
160836,1870.97,2463.92,-59295.00%
160852,1392.48,1377.72,1476.00%
160868,1553.04,95.32,145772.00%
160953,2463.92,1315.64,114828.00%
161085,1377.72,1894.36,-51664.00%
161169,95.32,1510.08,-141476.00%
161172,1315.43,2170.58,-85515.00%
161174,1894.36,86.71,180765.00%
161285,1510.08,2600.95,-109087.00%
161292,2170.58,1652.11,51847.00%
161312,86.71,140.1,-5339.00%
161367,2600.95,3392.79,-79184.00%
161383,1652.08,3484.92,-183284.00%
161458,140.1,1021.11,-88101.00%
161565,3392.78,10308.9,-691612.00%
161601,3484.92,342.82,314210.00%
161611,1021.11,655.05,36606.00%
161616,10308.9,16.29,1029261.00%
161759,342.82,208.37,13445.00%
161804,655.05,1068.09,-41304.00%
161915,16.29,3687.12,-367083.00%
161916,208.37,2607.31,-239894.00%
161953,1068.09,113,95509.00%
161997,3687.11,3812.49,-12538.00%
162004,2607.31,7.51,259980.00%
162028,113,330.82,-21782.00%
162134,3812.49,269.28,354321.00%
162173,7.51,1365.78,-135827.00%
162272,330.82,2150.63,-181981.00%
162294,269.28,1764.1,-149482.00%
162313,1365.78,21694.86,-2032908.00%
162322,2150.63,1917.1,23353.00%
162370,1764.1,2478.25,-71415.00%
162450,21694.86,1308.64,2038622.00%
162454,1917.1,2702.02,-78492.00%
162791,2478.25,2360.5,11775.00%
162992,1308.64,0,130864.00%
162994,2702.03,2082.52,61951.00%
163060,2360.5,2028.18,33232.00%
163151,0,1341.14,-134114.00%
163209,2082.53,1623.34,45919.00%
163354,2028.18,1426.91,60127.00%
163360,1341.14,1408.21,-6707.00%
163381,1623.34,2259.4,-63606.00%
163443,1426.91,1441.5,-1459.00%
163448,1408.21,1528.4,-12019.00%
163467,2259.41,0,225941.00%
163496,1441.5,1909.3,-46780.00%
163499,1528.4,1804.92,-27652.00%
163530,0,1164.16,-116416.00%
163576,1909.3,2301.69,-39239.00%
163600,1804.92,7537.09,-573217.00%
163618,1164.16,1318.75,-15459.00%
163656,2301.26,439.01,186225.00%
163709,7537.09,3481.87,405522.00%
163818,1318.73,2595.57,-127684.00%
163868,439.01,4861.34,-442233.00%
164121,3481.87,515.84,296603.00%
164166,2595.57,79.55,251602.00%
164222,4861.34,1041.33,382001.00%
164294,515.84,5410.02,-489418.00%
164343,79.55,2025.68,-194613.00%
164348,1041.33,2076.48,-103515.00%
164352,5410.02,2462.76,294726.00%
164355,2025.68,2441.96,-41628.00%
164411,2076.48,2015.24,6124.00%
164417,2462.53,1296.07,116646.00%
164426,2441.96,3816.2,-137424.00%
164429,2015.24,1424.35,59089.00%
164441,1296.07,2274.41,-97834.00%
164491,3816.2,1700.61,211559.00%
164516,1424.34,343.32,108102.00%
164533,2274.42,2203.2,7122.00%
164541,1700.61,1808.86,-10825.00%
164545,343.32,1167.98,-82466.00%
164546,2203.2,463.1,174010.00%
164570,1808.86,1291.71,51715.00%
164726,1167.98,14638.64,-1347066.00%
164802,463.1,2411.3,-194820.00%
164815,1291.72,2379.18,-108746.00%
164851,14638.64,11444.59,319405.00%
164875,2411.3,2234.2,17710.00%
164878,2379.18,1375.17,100401.00%
164888,11444.59,2285.34,915925.00%
164907,2234.2,10402.02,-816782.00%
164940,1374.97,2164.44,-78947.00%
164966,2285.34,138.38,214696.00%
164978,10402.02,2915.37,748665.00%
164988,2164.44,39.72,212472.00%
165001,138.38,489.28,-35090.00%
165020,2915.37,2843.15,7222.00%
165057,39.72,542.21,-50249.00%
165058,489.28,2007.66,-151838.00%
165065,2843.15,1196.84,164631.00%
165067,542.21,573.62,-3141.00%
165076,2007.66,2252.63,-24497.00%
165083,1196.84,34.92,116192.00%
165108,573.62,1966.37,-139275.00%
165111,2252.63,1840.21,41242.00%
165143,34.92,2483.92,-244900.00%
165153,1966.37,4689.94,-272357.00%
165157,1840.21,2555.14,-71493.00%
165159,2483.9,1445.02,103888.00%
165161,4689.94,2991.45,169849.00%
165240,2555.14,1854.51,70063.00%
165273,1445.02,2531.64,-108662.00%
165300,2991.45,119.79,287166.00%
165308,1854.51,369.47,148504.00%
165367,2531.64,1690.77,84087.00%
165400,119.79,1614.74,-149495.00%
165411,369.47,1438.79,-106932.00%
165422,1690.77,629.89,106088.00%
165439,1614.74,1609.86,488.00%
165527,1438.79,1444.86,-607.00%
165541,629.89,1550.75,-92086.00%
165643,1609.85,1942.51,-33266.00%
165666,1444.86,159.79,128507.00%
165681,1550.76,1341.68,20908.00%
165706,1942.5,2566.76,-62426.00%
165708,159.79,105.82,5397.00%
165724,1341.68,2350.69,-100901.00%
165751,2566.76,2273.66,29310.00%
165783,105.82,1818.97,-171315.00%
165786,2350.69,1170.75,117994.00%
165805,2273.66,1857.41,41625.00%
165842,1818.97,2624.14,-80517.00%
165857,1170.75,48.82,112193.00%
165893,1857.41,1389.82,46759.00%
165906,2624.14,1465.07,115907.00%
165949,48.82,0,4882.00%
165961,1389.82,0,138982.00%
165992,1465.07,1298.7,16637.00%
166008,0,6428.57,-642857.00%
166011,0,202.3,-20230.00%
166013,1298.71,2437.78,-113907.00%
166037,6428.57,114.26,631431.00%
166052,202.3,1.6,20070.00%
166073,2437.77,2816.33,-37856.00%
166112,114.26,304.42,-19016.00%
166113,1.6,14432.46,-1443086.00%
166123,2816.32,9330.88,-651456.00%
166126,304.42,1556.87,-125245.00%
166138,14432.26,200.57,1423169.00%
166150,9330.88,995.68,833520.00%
166153,1556.87,2150.99,-59412.00%
166159,200.57,5237.97,-503740.00%
166183,995.68,2538.75,-154307.00%
166251,2150.98,0,215098.00%
166252,5237.97,2688.11,254986.00%
166277,2538.92,156.92,238200.00%
166280,0,3115.52,-311552.00%
166282,2687.9,1330.89,135701.00%
166288,156.92,1753.94,-159702.00%
166309,3115.52,2621.72,49380.00%
166315,1330.89,1799.26,-46837.00%
166332,1753.94,77.72,167622.00%
166346,2621.72,140.15,248157.00%
166360,1799.26,2973.7,-117444.00%
166383,77.72,2153.65,-207593.00%
166398,140.15,4380.73,-424058.00%
166402,2973.71,68.95,290476.00%
166403,2153.65,4340.78,-218713.00%
166421,4380.73,1366.36,301437.00%
166423,68.95,3457.12,-338817.00%
166454,4340.77,3.8,433697.00%
166499,1366.37,2749.85,-138348.00%
166504,3457.12,1993.29,146383.00%
166519,3.8,96.5,-9270.00%
166520,2749.85,2184.07,56578.00%
166523,1993.29,2106.42,-11313.00%
166643,96.5,1396.69,-130019.00%
166664,2184.27,1450.35,73392.00%
166692,2106.37,2403.76,-29739.00%
166728,1396.69,2103.26,-70657.00%
166751,1450.35,2011.32,-56097.00%
166753,2403.76,1780.99,62277.00%
166779,2103.26,2559.65,-45639.00%
166780,2011.32,1694.78,31654.00%
166790,1780.99,2867.3,-108631.00%
166799,2559.65,12219.78,-966013.00%
166835,1694.78,2743.95,-104917.00%
166839,2867.3,1768.22,109908.00%
166871,12219.78,2341.56,987822.00%
166872,2743.95,2011.91,73204.00%
166887,1768.22,202,156622.00%
166908,2341.56,11897.09,-955553.00%
166910,2011.91,1145.97,86594.00%
166916,202,2112.93,-191093.00%
166957,11897.09,3112.54,878455.00%
166960,1145.97,570.79,57518.00%
166971,2112.93,55.11,205782.00%
167023,3112.54,1885.41,122713.00%
167110,570.79,2257.68,-168689.00%
167112,55.11,1534.05,-147894.00%
167114,1885.41,2874.48,-98907.00%
167207,2257.68,1158.56,109912.00%
167214,1534.05,1803.26,-26921.00%
167227,2874.49,1999.93,87456.00%
167273,1158.56,1769.03,-61047.00%
167283,1803.26,8304.63,-650137.00%
167286,1999.93,53.69,194624.00%
167289,1769.03,3251.75,-148272.00%
167305,8304.63,2194.87,610976.00%
167325,53.69,2190.19,-213650.00%
167395,3251.75,25.72,322603.00%
167493,2194.87,1327.16,86771.00%
167543,2189.96,349.05,184091.00%
167544,25.72,3435.89,-341017.00%
167552,1327.16,1180.24,14692.00%
167572,349.05,1661.82,-131277.00%
167583,3435.87,1613.38,182249.00%
167906,1180.24,2526.42,-134618.00%
167914,1661.81,4915.83,-325402.00%
167919,1613.38,3508.15,-189477.00%
167920,2526.41,2896.99,-37058.00%
167921,4915.83,114.85,480098.00%
168032,3508.14,526.05,298209.00%
168040,2896.99,1721.63,117536.00%
168046,114.85,2087.9,-197305.00%
168173,526.05,24.01,50204.00%
168202,1721.83,4641.23,-291940.00%
168267,2087.9,595.92,149198.00%
168280,24.01,7730.42,-770641.00%
168303,4641.23,352.98,428825.00%
168345,595.92,1172.91,-57699.00%
168411,7730.42,3113.45,461697.00%
168415,352.98,2321.02,-196804.00%
168423,1172.91,1264.62,-9171.00%
168424,3113.82,2657.91,45591.00%
168430,2321.02,3004.43,-68341.00%
168454,1264.62,69.12,119550.00%
168465,2657.89,1971.16,68673.00%
168472,3004.43,2051.11,95332.00%
168483,69.12,2149.35,-208023.00%
168484,1971.14,23.04,194810.00%
168556,2051.11,14538.24,-1248713.00%
168620,2149.35,1569.96,57939.00%
168709,23.04,67.77,-4473.00%
168717,14538.24,1393.99,1314425.00%
168784,1569.97,2863.93,-129396.00%
168799,67.77,3178.44,-311067.00%
168822,1393.99,23.42,137057.00%
168837,2863.93,6371.79,-350786.00%
168965,3178.44,921.28,225716.00%
168967,23.42,5041.73,-501831.00%
168976,6371.79,1462.35,490944.00%
169117,921.28,2845.79,-192451.00%
169129,5041.73,2197.02,284471.00%
169131,1462.35,2142.62,-68027.00%
169166,2845.79,1620.24,122555.00%
169245,2197.02,2311.35,-11433.00%
169294,2142.62,1438.88,70374.00%
169311,1620.24,1867.77,-24753.00%
169314,2311.34,1822.05,48929.00%
169321,1438.88,945.89,49299.00%
169330,1867.77,83.4,178437.00%
169348,1822.05,0,182205.00%
169383,945.89,2063,-111711.00%
169401,83.4,3124.64,-304124.00%
169416,0,3616.1,-361610.00%
169469,2062.98,1542.86,52012.00%
169558,3124.64,3918.42,-79378.00%
169563,3616.07,2260.83,135524.00%
169605,1542.86,873.03,66983.00%
169718,3918.02,1595.07,232295.00%
169781,2260.82,72.38,218844.00%
169806,873.03,1598.19,-72516.00%
169825,1595.06,1611.54,-1648.00%
169826,72.38,0,7238.00%
169866,1598.17,2453.25,-85508.00%
169908,1611.52,1566.82,4470.00%
169935,0,1565.46,-156546.00%
169984,2453.25,2198.84,25441.00%
170111,1566.81,2184.53,-61772.00%
170150,1565.45,19.21,154624.00%
170281,2198.82,873.03,132579.00%
170450,2184.36,2632.87,-44851.00%
170451,19.21,132.42,-11321.00%
170454,873.03,10.93,86210.00%
170590,2632.87,9368.53,-673566.00%
170594,132.42,1253.24,-112082.00%
170595,10.93,351.05,-34012.00%
170608,9368.53,1706.34,766219.00%
170659,1253.24,3545.51,-229227.00%
170663,351.05,3253.07,-290202.00%
170671,1706.34,3485.9,-177956.00%
170677,3545.51,2843.67,70184.00%
170678,3253.06,0,325306.00%
170704,3485.87,1473.76,201211.00%
170922,2844.07,1523.13,132094.00%
170970,0,997.53,-99753.00%
171007,1473.76,2515.97,-104221.00%
171013,1523.13,1561.24,-3811.00%
171081,997.53,2333.98,-133645.00%
171199,2515.97,2213.54,30243.00%
171257,1561.24,1805.95,-24471.00%
171281,2333.98,3494.11,-116013.00%
171332,2213.54,1813.86,39968.00%
171340,1805.95,507.81,129814.00%
171363,3494.1,1845.26,164884.00%
171374,1813.86,0,181386.00%
171416,507.81,1651.22,-114341.00%
171434,1845.24,1643.92,20132.00%
171490,0,490.03,-49003.00%
171513,1651.22,0,165122.00%
171515,1643.91,9598.6,-795469.00%
171595,490.03,0,49003.00%
171625,0,1885.51,-188551.00%
171658,9598.6,1899.42,769918.00%
171662,0,96.95,-9695.00%
171670,1885.5,162.96,172254.00%
171673,1899.41,0,189941.00%
171680,96.95,151.12,-5417.00%
171753,162.96,1017.75,-85479.00%
171777,0,5304.77,-530477.00%
171778,151.12,5835.61,-568449.00%
171812,1017.75,9.82,100793.00%
171892,5304.77,299.54,500523.00%
171901,5835.61,5153.74,68187.00%
171905,9.82,0,982.00%
171958,299.54,4843.64,-454410.00%
171995,5153.74,3507.47,164627.00%
172013,0,1208.78,-120878.00%
172018,4843.64,1383.49,346015.00%
172027,3507.46,2060.02,144744.00%
172028,1208.77,2697.99,-148922.00%
172051,1383.5,7575.44,-619194.00%
172081,2060.03,5229.11,-316908.00%
172175,2698.19,553.92,214427.00%
172204,7575.44,61.66,751378.00%
172291,5229.11,83,514611.00%
172366,553.92,92.39,46153.00%
172371,61.66,521.67,-46001.00%
172376,83,1117.12,-103412.00%
172390,92.39,27.29,6510.00%
172391,521.67,0,52167.00%
172394,1117.12,5177.59,-406047.00%
172545,27.29,6973.06,-694577.00%
172551,0,1833.56,-183356.00%
172653,5177.58,836.53,434105.00%
172669,6973.06,81.92,689114.00%
172670,1833.57,137.99,169558.00%
172674,836.53,1985.44,-114891.00%
172677,81.92,7375.8,-729388.00%
172685,137.99,0,13799.00%
172687,1985.44,0,198544.00%
172688,7375.8,4842.2,253360.00%
172689,0,2652.91,-265291.00%
172704,0,1326.39,-132639.00%
172708,4842.2,2697.25,214495.00%
172710,2652.91,1701.39,95152.00%
172748,1326.39,253.15,107324.00%
172759,2697.24,2068.4,62884.00%
172760,1701.39,86.65,161474.00%
172782,253.15,8136.91,-788376.00%
172792,2068.4,1695.96,37244.00%
172795,86.65,1286.21,-119956.00%
172820,8136.91,1338.12,679879.00%
172856,1695.96,2071.26,-37530.00%
172880,1286.21,2236.86,-95065.00%
172891,1338.12,1892.02,-55390.00%
172894,2071.24,1204.47,86677.00%
172897,2236.86,1907.79,32907.00%
172927,1892.01,2051.9,-15989.00%
172949,0,1713.1,-171310.00%
172951,1204.47,377.12,82735.00%
182247,1907.8,28.1,187970.00%
182336,2051.9,2708.36,-65646.00%
182337,1713.1,0,171310.00%
182338,377.12,1367.09,-98997.00%
182351,28.1,1390.39,-136229.00%
182371,2708.36,2741.62,-3326.00%
182372,0,1498.78,-149878.00%
182373,1367.09,1449.25,-8216.00%
182406,1390.36,1879.38,-48902.00%
182496,2741.6,987.32,175428.00%
182497,1498.78,5072.24,-357346.00%
182499,1449.25,284.88,116437.00%
182500,1879.38,2078.75,-19937.00%
182522,987.32,199.74,78758.00%
182534,5072.24,1109.63,396261.00%
182536,284.88,1263.42,-97854.00%
182554,2078.75,1552.83,52592.00%
182652,199.74,2771.72,-257198.00%
182701,1109.64,1384.67,-27503.00%
182710,1263.42,0,126342.00%
182711,1552.83,5500.41,-394758.00%
182714,2771.73,1644.07,112766.00%
182715,1384.67,831.26,55341.00%
182717,0,2051.79,-205179.00%
182764,5500.39,1659,384139.00%
182769,1644.07,62.19,158188.00%
182789,831.27,16,81527.00%
182881,2051.79,1284.46,76733.00%
182930,1659,4.71,165429.00%
182934,62.19,114.26,-5207.00%
182937,16,1517.64,-150164.00%
182939,1284.46,521.1,76336.00%
182943,4.71,2640.29,-263558.00%
183053,114.26,1723.68,-160942.00%
183129,1517.64,1180.64,33700.00%
183195,521.1,1643.86,-112276.00%
183196,2640.29,1433.62,120667.00%
183197,1723.67,69.05,165462.00%
183198,1180.65,1762.82,-58217.00%
183203,1643.84,5295.24,-365140.00%
183291,1433.62,98.01,133561.00%
183298,69.05,3429.95,-336090.00%
183304,1762.81,1936.51,-17370.00%
183308,5295.25,1801.15,349410.00%
183311,98.01,7263.55,-716554.00%
183390,3429.95,2125.46,130449.00%
183397,1936.5,801.86,113464.00%
183686,1801.14,1782.99,1815.00%
183716,7263.55,628.93,663462.00%
184274,2125.46,628.93,149653.00%
184289,801.86,628.93,17293.00%
184325,1782.99,628.93,115406.00%
188384,628.93,628.93,0.00%
188388,628.93,628.93,0.00%
188389,628.93,1704.95,-107602.00%
188399,628.93,43.19,58574.00%
188472,628.93,2861.5,-223257.00%
188531,628.93,1847.14,-121821.00%
234567,1704.94,112.13,159281.00%
234568,43.19,2089.12,-204593.00%
234569,2861.5,209.04,265246.00%
234570,1847.14,2790.15,-94301.00%
234571,112.13,1470.24,-135811.00%
234572,2089.08,297.99,179109.00%
234573,209.04,12158.37,-1194933.00%
234574,2790.13,433.71,235642.00%
234575,1470.24,1884.81,-41457.00%
234576,297.99,2935.31,-263732.00%
234577,12158.37,1613.67,1054470.00%
234578,433.71,2097.97,-166426.00%
234579,1884.81,3325.79,-144098.00%
234580,2935.31,1600.65,133466.00%
234581,1613.67,652.47,96120.00%
234582,2097.97,3023.98,-92601.00%
234583,3325.78,1716.21,160957.00%
234584,1600.62,0,160062.00%
234585,652.48,3680.62,-302814.00%
234586,3023.98,502.35,252163.00%
234587,1716.21,1132.5,58371.00%
234588,0,1915,-191500.00%
234589,3680.6,2332.67,134793.00%
234590,502.34,2185.81,-168347.00%
234591,1132.5,2858.94,-172644.00%
234592,1915,399.98,151502.00%
234593,2332.67,793.65,153902.00%
234594,2185.81,2841.53,-65572.00%
234595,2858.94,1905.73,95321.00%
234596,399.98,1484.28,-108430.00%
234597,793.65,1638.41,-84476.00%
234598,2841.53,1959.25,88228.00%
234599,1905.72,1412.2,49352.00%
234600,1484.28,1864.33,-38005.00%
234601,1638.41,5049.01,-341060.00%
234602,1959.25,2710.31,-75106.00%
234603,1412.2,948.61,46359.00%
234604,1864.33,1594.9,26943.00%
234605,5049.01,2941.59,210742.00%
234606,2710.31,542.5,216781.00%
234607,948.61,1598.17,-64956.00%
234608,1594.91,2031.54,-43663.00%
234609,2941.56,2004.37,93719.00%
234610,542.5,2583.6,-204110.00%
234611,1598.17,2465.62,-86745.00%
234612,2031.54,2953.96,-92242.00%
234613,2004.37,1041.65,96272.00%
234614,2583.59,100,248359.00%
234615,2465.62,1209.84,125578.00%
234616,2953.96,3169.46,-21550.00%
234617,1041.65,1795.12,-75347.00%
234618,100,2819.34,-271934.00%
234619,1209.84,3615.17,-240533.00%
234620,3169.46,1517.26,165220.00%
234621,1795.12,3441.94,-164682.00%
234622,2819.32,3712.54,-89322.00%
234623,3615.17,22812.05,-1919688.00%
234624,1517.26,2399.68,-88242.00%
234625,3441.94,2716.03,72591.00%
234626,3712.54,2336.96,137558.00%
234627,22812.05,3349.59,1946246.00%
234628,2399.66,1612.15,78751.00%
234629,2716.03,2278.18,43785.00%
234630,2336.96,2933.45,-59649.00%
234631,3349.59,4175.53,-82594.00%
234632,1612.15,9120.52,-750837.00%
234633,2278.18,3087.1,-80892.00%
234634,2933.45,3813.31,-87986.00%
234635,4175.53,1483.57,269196.00%
234636,9120.52,2222.56,689796.00%
234637,3087.1,2520.29,56681.00%
234638,3813.28,197.56,361572.00%
234639,1483.57,3103.02,-161945.00%
234640,2222.56,2844.69,-62213.00%
234641,2520.29,1508.02,101227.00%
234642,197.56,104.8,9276.00%
234643,3103.02,1887.91,121511.00%
234644,2844.69,3128.28,-28359.00%
234645,1508.02,42.45,146557.00%
234646,104.8,1309.2,-120440.00%
234647,1887.91,1393.77,49414.00%
234648,3128.28,2197.75,93053.00%
234649,42.45,1308.95,-126650.00%
234650,1309.2,1595.89,-28669.00%
234651,1393.77,1865.72,-47195.00%
234652,2197.76,2381.33,-18357.00%
234653,1308.95,2446.79,-113784.00%
234654,1595.89,2485.7,-88981.00%
234655,1865.72,2648.31,-78259.00%
234656,2381.33,183.79,219754.00%
234657,2446.79,3028.08,-58129.00%
234658,2485.7,350.2,213550.00%
234659,2648.31,1583.96,106435.00%
234660,183.79,2542.81,-235902.00%
234661,3028.08,2365.04,66304.00%
234662,350.2,127.34,22286.00%
234663,1583.96,258.52,132544.00%
234664,2542.81,1544.37,99844.00%
234665,2365.04,3257.11,-89207.00%
234666,127.34,1996.12,-186878.00%
234667,258.52,2569.38,-231086.00%
234668,1544.37,2314.56,-77019.00%
234669,3257.11,2088.28,116883.00%
234670,1996.12,7448.26,-545214.00%
234671,2569.38,106.37,246301.00%
234672,2314.56,1500.54,81402.00%
234673,2088.28,1678.27,41001.00%
234674,7448.24,2169.61,527863.00%
234675,106.37,1506.07,-139970.00%
234676,1500.54,574.24,92630.00%
234677,1678.27,9232.22,-755395.00%
234678,2169.61,2677.37,-50776.00%
234679,1506.07,1291.34,21473.00%
234680,574.24,2877.32,-230308.00%
234681,9232.22,2787.54,644468.00%
234682,2677.37,737.45,193992.00%
234683,1291.32,2251.23,-95991.00%
234684,2877.32,2163.8,71352.00%
234685,2787.54,263.09,252445.00%
234686,737.45,2175.51,-143806.00%
234687,2251.23,1346.52,90471.00%
234688,2163.8,860.96,130284.00%
234689,263.09,126.29,13680.00%
234690,2175.51,2242.82,-6731.00%
234691,1346.52,2670.68,-132416.00%
234692,860.96,1729.71,-86875.00%
234693,126.29,2475.84,-234955.00%
234694,2242.82,2070.88,17194.00%
234695,2670.69,3176.92,-50623.00%
234696,1729.71,2560.27,-83056.00%
234697,2476.22,1368.28,110794.00%
234698,2070.88,2272.42,-20154.00%
234699,3176.92,2477.86,69906.00%
234700,2560.27,0,256027.00%
234701,1368.28,2661.25,-129297.00%
234702,2272.42,2293.75,-2133.00%
234703,2478.06,942.79,153527.00%
234704,0,2281.35,-228135.00%
234705,2661.25,1359.62,130163.00%
234706,2293.74,2752.04,-45830.00%
234707,942.79,2184.39,-124160.00%
234708,2281.35,1410.89,87046.00%
234709,1359.62,2577.55,-121793.00%
234710,2752.03,2251.19,50084.00%
234711,2184.39,2538.52,-35413.00%
234712,1410.89,379.38,103151.00%
234713,2577.55,427.17,215038.00%
234714,2251.19,2217.2,3399.00%
234715,2538.52,1402.16,113636.00%
234716,379.38,2147.56,-176818.00%
234717,427.17,2948.6,-252143.00%
234718,2217.19,2524.71,-30752.00%
234719,1402.15,1907.26,-50511.00%
234720,2147.53,1165.1,98243.00%
234721,2948.6,1050.76,189784.00%
234722,2524.7,741.93,178277.00%
234723,1907.26,2011.31,-10405.00%
234724,1165.1,1347.52,-18242.00%
234725,1050.76,4172.89,-312213.00%
234726,741.95,2027.28,-128533.00%
234727,2011.31,18.6,199271.00%
234728,1347.52,1898.94,-55142.00%
234729,4172.89,3781.07,39182.00%
234730,2027.28,3957.84,-193056.00%
234731,18.6,1578.9,-156030.00%
234732,1898.94,2737.25,-83831.00%
234733,3781.25,1354.57,242668.00%
234734,3957.84,2191.02,176682.00%
234735,1578.9,2405.31,-82641.00%
234736,2737.24,305.19,243205.00%
234737,1354.57,2146.69,-79212.00%
234738,2191.02,3243.01,-105199.00%
234739,2405.31,1456.73,94858.00%
234740,305.19,1525.39,-122020.00%
234741,2146.7,3184.48,-103778.00%
234742,3243.01,435.84,280717.00%
234743,1456.7,2203.78,-74708.00%
234744,1525.39,3277.28,-175189.00%
234745,3184.37,2263.86,92051.00%
234746,435.84,2531.71,-209587.00%
234747,2203.78,2466.22,-26244.00%
234748,3277.28,1833.66,144362.00%
234749,2263.66,1750.86,51280.00%
234750,2531.71,3179.05,-64734.00%
234751,2466.22,1902.1,56412.00%
234752,1833.66,1848.99,-1533.00%
234753,1750.86,3433.92,-168306.00%
234754,3179.05,2251.92,92713.00%
234755,1902.1,1862.9,3920.00%
234756,1848.96,3060.58,-121162.00%
234757,3433.92,3450.65,-1673.00%
234758,2251.92,180.5,207142.00%
234759,1862.9,773.32,108958.00%
234760,3060.58,467.73,259285.00%
234761,3450.65,1357.62,209303.00%
234762,180.5,2160.57,-198007.00%
234763,773.32,2060.49,-128717.00%
234764,467.73,1811.19,-134346.00%
234765,1357.62,1743.51,-38589.00%
234766,2160.57,488.89,167168.00%
234767,2060.5,1768.04,29246.00%
234768,1811.19,3424.78,-161359.00%
234769,1743.51,2930.65,-118714.00%
234770,488.89,2754.07,-226518.00%
234771,1768.04,2279.33,-51129.00%
234772,3424.78,1440.09,198469.00%
234773,2930.65,2837.2,9345.00%
234774,2754.06,1678.26,107580.00%
234775,2279.33,2020.83,25850.00%
234776,1440.09,3132.04,-169195.00%
234777,2837.21,2027.26,80995.00%
234778,1678.26,1814.11,-13585.00%
234779,2020.83,1818.21,20262.00%
234780,3132.04,1979.52,115252.00%
234781,2027.26,1360.01,66725.00%
234782,1814.11,1765.3,4881.00%
234783,1818.21,2499.56,-68135.00%
234784,1979.52,391.11,158841.00%
234785,1360.01,1946.4,-58639.00%
234786,1765.25,1338.12,42713.00%
234787,2499.56,1683.66,81590.00%
234788,391.11,2028.73,-163762.00%
234789,1946.38,1255.82,69056.00%
234790,1338.12,4775.37,-343725.00%
234791,1683.66,5348.91,-366525.00%
234792,2028.73,2469.1,-44037.00%
234793,1255.82,2636.36,-138054.00%
234794,4775.37,2003.78,277159.00%
234795,5348.91,2284,306491.00%
234796,2469.11,1739.26,72985.00%
234797,2636.36,2943.78,-30742.00%
234798,2003.78,3066.92,-106314.00%
234799,2284,2312.08,-2808.00%
234800,1739.26,2946.68,-120742.00%
234801,2943.78,2383.53,56025.00%
234802,3066.92,1833.54,123338.00%
234803,2312.06,1630.82,68124.00%
234804,2946.64,468.94,247770.00%
234805,2383.53,3039.38,-65585.00%
234806,1833.55,1182.53,65102.00%
234807,1630.82,2926.08,-129526.00%
234808,468.99,2339.47,-187048.00%
234809,3039.38,1382.65,165673.00%
234810,1182.53,1522.5,-33997.00%
234811,0,2519.24,-251924.00%
234812,2926.08,2206.09,71999.00%
234813,2339.47,1792.37,54710.00%
234814,1382.65,1912.1,-52945.00%
234815,1522.5,1971.42,-44892.00%
234816,2519.24,2732.62,-21338.00%
234817,2206.09,3185.33,-97924.00%
234818,1792.37,1140.65,65172.00%
234819,1912.1,2161.2,-24910.00%
234820,1971.41,2159.36,-18795.00%
234821,2732.6,1195.3,153730.00%
234822,3185.32,778.91,240641.00%
234823,1140.66,2479.14,-133848.00%
234824,2161.2,1539.15,62205.00%
234825,2159.36,2012.64,14672.00%
234826,1195.3,4132.72,-293742.00%
234827,778.91,1620.17,-84126.00%
234828,2479.15,545.67,193348.00%
234829,1539.15,1246.5,29265.00%
234830,2012.64,1993.41,1923.00%
234831,4132.72,4627.25,-49453.00%
234832,1620.17,3660.37,-204020.00%
234833,545.67,2533.36,-198769.00%
234834,1246.5,2623.61,-137711.00%
234835,1993.38,3313.21,-131983.00%
234836,4627.25,2459.64,216761.00%
234837,3660.37,268.79,339158.00%
234838,2533.34,2823.31,-28997.00%
234839,2623.61,1912.37,71124.00%
234840,3313.21,1687.38,162583.00%
234841,2459.64,1858.75,60089.00%
234842,268.79,4101,-383221.00%
234843,2823.31,1980.33,84298.00%
234844,1912.38,1824.96,8742.00%
234845,1687.38,1478.6,20878.00%
234846,1858.75,2108.68,-24993.00%
234847,4101,1636.81,246419.00%
234848,1980.33,1967.86,1247.00%
600002,1688.08,1688.08,0.00%
600007,1430.62,1430.62,0.00%
600010,2060.23,2060.45,-22.00%
600013,1998.19,1998.19,0.00%
600016,2104.48,2104.29,19.00%
600017,2951.74,2951.74,0.00%
600021,3207.09,3207.11,-2.00%
600022,3724.44,3724.46,-2.00%
600023,514.95,514.94,1.00%
600025,2207.96,2207.96,0.00%
600027,2396.51,2396.51,0.00%
600028,2047,2047,0.00%
600030,349.96,349.96,0.00%
600034,1986.31,1986.33,-2.00%
600036,1321.41,1321.41,0.00%
600048,2850.66,2850.67,-1.00%
600055,2366.38,2366.4,-2.00%
600060,446.48,446.48,0.00%
600061,1425.37,1425.38,-1.00%
600063,2522.24,2522.23,1.00%
600064,1485.86,1485.86,0.00%
600067,3717.12,3716.73,39.00%
600068,2465.05,2465.05,0.00%
600074,1947.88,1947.88,0.00%
600076,1088.13,1088.13,0.00%
600077,917.28,917.28,0.00%
600083,3287.64,3287.64,0.00%
600090,1431.5,1431.5,0.00%
600091,1539.51,1539.51,0.00%
600093,675.29,675.29,0.00%
600097,988.47,988.47,0.00%
600099,4964.29,4964.7,-41.00%
600100,1930.01,1930.01,0.00%
600104,1744.29,1744.29,0.00%
600106,1399.58,1399.58,0.00%
600107,3444.36,3444.38,-2.00%
600109,1499.38,1499.38,0.00%
600111,397.49,397.49,0.00%
600112,1809.29,1809.3,-1.00%
600113,2522.09,2522.09,0.00%
600116,3137,3137,0.00%
600123,928.88,928.88,0.00%
600131,23456.79,23456.79,0.00%
600132,3731.56,3731.59,-3.00%
600135,1882.75,1882.75,0.00%
600141,1832.61,1832.62,-1.00%
600148,1893.94,1893.94,0.00%
600150,34.22,34.22,0.00%
600161,4332.56,4332.56,0.00%
600162,2026.68,2026.68,0.00%
600163,2032.97,2032.97,0.00%
600166,3485.78,3485.58,20.00%
600190,1640.57,1640.59,-2.00%
600192,1997.09,1997.09,0.00%
600194,622.74,622.74,0.00%
600197,2824.9,2824.9,0.00%
600202,1712.59,1712.59,0.00%
600204,953.34,953.34,0.00%
600206,2110.13,2110.13,0.00%
600209,2500.34,2500.35,-1.00%
600214,1441.71,1441.71,0.00%
600218,1183.12,1183.12,0.00%
600221,1284.75,1284.75,0.00%
600222,4326.93,4326.93,0.00%
600223,2806.95,2806.95,0.00%
600224,3161.17,3161.17,0.00%
600233,2944.84,2944.84,0.00%
600244,1181.97,1181.97,0.00%
600245,1639.11,1639.11,0.00%
600249,1407.17,1407.17,0.00%
600253,2055.12,2055.12,0.00%
600255,5983.46,5983.46,0.00%
600258,350.44,350.44,0.00%
600270,951.82,951.82,0.00%
600273,1847.54,1847.53,1.00%
600282,2514.4,2514.4,0.00%
600283,1346.88,1346.87,1.00%
600301,2529.78,2529.78,0.00%
600302,1838.81,1838.81,0.00%
600308,1509.13,1509.33,-20.00%
600314,2643.15,2643.15,0.00%
600319,2086.48,2086.48,0.00%
600326,2006.97,2007.17,-20.00%
600327,1891.59,1891.59,0.00%
600338,1710.31,1710.31,0.00%
600339,697.34,697.34,0.00%
600341,3396.63,3396.64,-1.00%
600347,1710.47,1710.47,0.00%
600350,4512.28,4512.3,-2.00%
600355,1625.42,1625.42,0.00%
600359,1785.18,1785.18,0.00%
600362,2122.3,2122.3,0.00%
600367,987.53,987.53,0.00%
600386,2169.27,2169.27,0.00%
600389,2517.5,2517.51,-1.00%
30169383,605.56,605.56,0.00%
